"gene"	"mutation"
"integrase"	"D232N"
"integrase"	"E138A"
"integrase"	"E138K"
"integrase"	"E138T"
"integrase"	"E157Q"
"integrase"	"E92G"
"integrase"	"E92Q"
"integrase"	"E92V"
"integrase"	"F121Y"
"integrase"	"G118R"
"integrase"	"G140A"
"integrase"	"G140C"
"integrase"	"G140S"
"integrase"	"G163K"
"integrase"	"G163R"
"integrase"	"H51Y"
"integrase"	"N155H"
"integrase"	"N155S"
"integrase"	"N155T"
"integrase"	"P145S"
"integrase"	"Q146P"
"integrase"	"Q148H"
"integrase"	"Q148K"
"integrase"	"Q148N"
"integrase"	"Q148R"
"integrase"	"Q95K"
"integrase"	"R263K"
"integrase"	"S147G"
"integrase"	"S153F"
"integrase"	"S153Y"
"integrase"	"S230R"
"integrase"	"T66A"
"integrase"	"T66I"
"integrase"	"T66K"
"integrase"	"T97A"
"integrase"	"V151A"
"integrase"	"V151L"
"integrase"	"Y143A"
"integrase"	"Y143C"
"integrase"	"Y143G"
"integrase"	"Y143H"
"integrase"	"Y143K"
"integrase"	"Y143R"
"integrase"	"Y143S"
"protease"	"D30N"
"protease"	"F53L"
"protease"	"G48A"
"protease"	"G48L"
"protease"	"G48M"
"protease"	"G48Q"
"protease"	"G48S"
"protease"	"G48T"
"protease"	"G48V"
"protease"	"G73A"
"protease"	"G73C"
"protease"	"G73D"
"protease"	"G73S"
"protease"	"G73T"
"protease"	"G73V"
"protease"	"I47A"
"protease"	"I47V"
"protease"	"I50L"
"protease"	"I50V"
"protease"	"I54A"
"protease"	"I54L"
"protease"	"I54M"
"protease"	"I54S"
"protease"	"I54T"
"protease"	"I54V"
"protease"	"I84A"
"protease"	"I84C"
"protease"	"I84V"
"protease"	"K20T"
"protease"	"K43T"
"protease"	"L10F"
"protease"	"L23I"
"protease"	"L24F"
"protease"	"L24I"
"protease"	"L24M"
"protease"	"L33F"
"protease"	"L76V"
"protease"	"L89V"
"protease"	"L90M"
"protease"	"M46I"
"protease"	"M46L"
"protease"	"M46V"
"protease"	"N83D"
"protease"	"N88D"
"protease"	"N88G"
"protease"	"N88S"
"protease"	"N88T"
"protease"	"Q58E"
"protease"	"T74P"
"protease"	"V32I"
"protease"	"V82A"
"protease"	"V82C"
"protease"	"V82F"
"protease"	"V82L"
"protease"	"V82M"
"protease"	"V82S"
"protease"	"V82T"
"rt"	"A62V"
"rt"	"A98G"
"rt"	"D67Deletion"
"rt"	"D67E"
"rt"	"D67G"
"rt"	"D67H"
"rt"	"D67N"
"rt"	"D67S"
"rt"	"D67T"
"rt"	"E138A"
"rt"	"E138G"
"rt"	"E138K"
"rt"	"E138Q"
"rt"	"E138R"
"rt"	"F116Y"
"rt"	"F227C"
"rt"	"F227I"
"rt"	"F227L"
"rt"	"F227V"
"rt"	"F77L"
"rt"	"G190A"
"rt"	"G190C"
"rt"	"G190E"
"rt"	"G190Q"
"rt"	"G190S"
"rt"	"G190T"
"rt"	"G190V"
"rt"	"H221Y"
"rt"	"K101E"
"rt"	"K101H"
"rt"	"K101P"
"rt"	"K103H"
"rt"	"K103N"
"rt"	"K103S"
"rt"	"K103T"
"rt"	"K219E"
"rt"	"K219N"
"rt"	"K219Q"
"rt"	"K219R"
"rt"	"K219W"
"rt"	"K238N"
"rt"	"K238T"
"rt"	"K65E"
"rt"	"K65N"
"rt"	"K65R"
"rt"	"K70Deletion"
"rt"	"K70E"
"rt"	"K70G"
"rt"	"K70N"
"rt"	"K70Q"
"rt"	"K70R"
"rt"	"K70S"
"rt"	"K70T"
"rt"	"L100I"
"rt"	"L100V"
"rt"	"L210W"
"rt"	"L234I"
"rt"	"L74I"
"rt"	"L74V"
"rt"	"M184I"
"rt"	"M184V"
"rt"	"M230I"
"rt"	"M230L"
"rt"	"M41L"
"rt"	"N348I"
"rt"	"P225H"
"rt"	"P236L"
"rt"	"Q151L"
"rt"	"Q151M"
"rt"	"S68Deletion"
"rt"	"T215A"
"rt"	"T215C"
"rt"	"T215D"
"rt"	"T215E"
"rt"	"T215F"
"rt"	"T215I"
"rt"	"T215L"
"rt"	"T215N"
"rt"	"T215S"
"rt"	"T215V"
"rt"	"T215Y"
"rt"	"T69D"
"rt"	"T69Deletion"
"rt"	"T69G"
"rt"	"T69Insertion"
"rt"	"V106A"
"rt"	"V106I"
"rt"	"V106M"
"rt"	"V108I"
"rt"	"V179D"
"rt"	"V179E"
"rt"	"V179F"
"rt"	"V179L"
"rt"	"V75A"
"rt"	"V75I"
"rt"	"V75M"
"rt"	"V75S"
"rt"	"V75T"
"rt"	"Y115F"
"rt"	"Y181C"
"rt"	"Y181F"
"rt"	"Y181G"
"rt"	"Y181I"
"rt"	"Y181S"
"rt"	"Y181V"
"rt"	"Y188C"
"rt"	"Y188F"
"rt"	"Y188H"
"rt"	"Y188L"
"rt"	"Y318F"
